{
  "id": "n5e-homebrew-foundry-vtt-imports",
  "title": "N5e Homebrew Foundry VTT Imports",
  "version": "1.0.0",
  "compatibility": {
    "minimum": "12",
    "verified": "12"
  },
  "relationships": {
    "systems": [
      {
        "id": "n5eb",
        "type": "system",
        "compatibility": {}
      }
    ]
  },
  "authors": [
    {
      "name": "Espe",
      "discord": "@inefabllezpe",
      "flags": {}
    },
    {
      "name": "Schmeelo",
      "discord": "@schmeelo",
      "flags": {}
    },
    {
      "name": "Chewy",
      "discord": "@chewyster",
      "flags": {}
    }
  ],
  "url": "https://github.com/EzperEspe/N5e-Homebrew-Foundry-VTT-Imports/tree/main",
  "packs": [
    {
      "name": "class-mod-superior-shinobi",
      "label": "Class Mod Superior Shinobi",
      "path": "packs/class-mod-superior-shinobi",
      "type": "Item",
      "ownership": {
        "PLAYER": "OBSERVER",
        "ASSISTANT": "OWNER"
      },
      "system": "n5eb"
    }
  ],
  "description": "A repository of N5e homebrew content that I have imported into Foundry VTT"
}